INSERT INTO group28.fuelQuote (username, gallonsRequested, address, deliveryDate, totalDue, adjUnitPrice, baseUnitPrice) VALUES ('jconnor', '18000', '624 S Grand Ave, Ste. 902, Los Angeles, CA 90017-3335', '2020-10-03', '48496.78', '2.69', '2.34');
INSERT INTO group28.fuelQuote (username, gallonsRequested, address, deliveryDate, totalDue, adjUnitPrice, baseUnitPrice) VALUES ('mspacely', '72000', '2101 E NASA Pkwy, Houston, TX 77058-3607', '2020-10-22', '170153.63', '2.36', '2.36');
INSERT INTO group28.fuelQuote (username, gallonsRequested, address, deliveryDate, totalDue, adjUnitPrice, baseUnitPrice) VALUES ('wcoyote', '36000', '303 E 3rd St, Pecos, TX 79772', '2021-01-24', '109651.76', '3.05', '3.05');
INSERT INTO group28.fuelQuote (username, gallonsRequested, address, deliveryDate, totalDue, adjUnitPrice, baseUnitPrice) VALUES ('mspacely', '60000', '2101 E NASA Pkwy, Houston, TX 77058-3607', '2021-03-03', '166291.06', '2.77', '2.77');
INSERT INTO group28.fuelQuote (username, gallonsRequested, address, deliveryDate, totalDue, adjUnitPrice, baseUnitPrice) VALUES ('mspacely', '120000', '2101 E NASA Pkwy, Houston, TX 77058-3607', '2020-11-25', '304296.02', '2.54', '2.54');
INSERT INTO group28.fuelQuote (username, gallonsRequested, address, deliveryDate, totalDue, adjUnitPrice, baseUnitPrice) VALUES ('tstark', '24000', '200 Park Ave, Ste. 7082, Manhattan, NY 10166-0005', '2020-12-03', '69713.06', '2.9', '2.53');
INSERT INTO group28.fuelQuote (username, gallonsRequested, address, deliveryDate, totalDue, adjUnitPrice, baseUnitPrice) VALUES ('wcoyote', '24000', '303 E 3rd St, Pecos, TX 79772', '2020-09-25', '72255.55', '3.01', '3.01');
INSERT INTO group28.fuelQuote (username, gallonsRequested, address, deliveryDate, totalDue, adjUnitPrice, baseUnitPrice) VALUES ('mspacely', '72000', '2101 E NASA Pkwy, Houston, TX 77058-3607', '2020-12-30', '185691.7', '2.58', '2.58');
INSERT INTO group28.fuelQuote (username, gallonsRequested, address, deliveryDate, totalDue, adjUnitPrice, baseUnitPrice) VALUES ('wcoyote', '27000', '303 E 3rd St, Pecos, TX 79772', '2020-09-29', '82295.53', '3.05', '3.05');
INSERT INTO group28.fuelQuote (username, gallonsRequested, address, deliveryDate, totalDue, adjUnitPrice, baseUnitPrice) VALUES ('wcoyote', '45000', '303 E 3rd St, Pecos, TX 79772', '2020-10-29', '126121.91', '2.8', '2.8');
INSERT INTO group28.fuelQuote (username, gallonsRequested, address, deliveryDate, totalDue, adjUnitPrice, baseUnitPrice) VALUES ('wcoyote', '6000', '303 E 3rd St, Pecos, TX 79772', '2021-02-17', '16667.33', '2.78', '2.78');
INSERT INTO group28.fuelQuote (username, gallonsRequested, address, deliveryDate, totalDue, adjUnitPrice, baseUnitPrice) VALUES ('mspacely', '45000', '2101 E NASA Pkwy, Houston, TX 77058-3607', '2021-01-23', '125370.15', '2.79', '2.79');
INSERT INTO group28.fuelQuote (username, gallonsRequested, address, deliveryDate, totalDue, adjUnitPrice, baseUnitPrice) VALUES ('tstark', '48000', '200 Park Ave, Ste. 7082, Manhattan, NY 10166-0005', '2020-10-05', '125561.97', '2.62', '2.27');
INSERT INTO group28.fuelQuote (username, gallonsRequested, address, deliveryDate, totalDue, adjUnitPrice, baseUnitPrice) VALUES ('tstark', '60000', '200 Park Ave, Ste. 7082, Manhattan, NY 10166-0005', '2020-11-16', '168151.93', '2.8', '2.44');
INSERT INTO group28.fuelQuote (username, gallonsRequested, address, deliveryDate, totalDue, adjUnitPrice, baseUnitPrice) VALUES ('tstark', '30000', '200 Park Ave, Ste. 7082, Manhattan, NY 10166-0005', '2020-09-19', '84327.35', '2.81', '2.44');
INSERT INTO group28.fuelQuote (username, gallonsRequested, address, deliveryDate, totalDue, adjUnitPrice, baseUnitPrice) VALUES ('jconnor', '84000', '624 S Grand Ave, Ste. 902, Los Angeles, CA 90017-3335', '2020-12-17', '209190.2', '2.49', '2.17');
INSERT INTO group28.fuelQuote (username, gallonsRequested, address, deliveryDate, totalDue, adjUnitPrice, baseUnitPrice) VALUES ('mspacely', '6000', '2101 E NASA Pkwy, Houston, TX 77058-3607', '2021-02-06', '15223.2', '2.54', '2.54');
INSERT INTO group28.fuelQuote (username, gallonsRequested, address, deliveryDate, totalDue, adjUnitPrice, baseUnitPrice) VALUES ('jmcclane', '81000', '1810 Commerce St, Ste. A, Dallas, TX 75201-5346', '2021-01-02', '246011.16', '3.04', '3.04');
INSERT INTO group28.fuelQuote (username, gallonsRequested, address, deliveryDate, totalDue, adjUnitPrice, baseUnitPrice) VALUES ('jmcclane', '45000', '1810 Commerce St, Ste. A, Dallas, TX 75201-5346', '2021-02-03', '130861.81', '2.91', '2.91');
INSERT INTO group28.fuelQuote (username, gallonsRequested, address, deliveryDate, totalDue, adjUnitPrice, baseUnitPrice) VALUES ('jconnor', '24000', '624 S Grand Ave, Ste. 902, Los Angeles, CA 90017-3335', '2020-10-30', '63980.28', '2.67', '2.32');
INSERT INTO group28.fuelQuote (username, gallonsRequested, address, deliveryDate, totalDue, adjUnitPrice, baseUnitPrice) VALUES ('wcoyote', '12000', '303 E 3rd St, Pecos, TX 79772', '2020-12-18', '31798.67', '2.65', '2.65');
INSERT INTO group28.fuelQuote (username, gallonsRequested, address, deliveryDate, totalDue, adjUnitPrice, baseUnitPrice) VALUES ('jconnor', '24000', '624 S Grand Ave, Ste. 902, Los Angeles, CA 90017-3335', '2020-11-03', '58576.94', '2.44', '2.12');
INSERT INTO group28.fuelQuote (username, gallonsRequested, address, deliveryDate, totalDue, adjUnitPrice, baseUnitPrice) VALUES ('mspacely', '42000', '2101 E NASA Pkwy, Houston, TX 77058-3607', '2020-11-20', '113119.88', '2.69', '2.69');
INSERT INTO group28.fuelQuote (username, gallonsRequested, address, deliveryDate, totalDue, adjUnitPrice, baseUnitPrice) VALUES ('mspacely', '30000', '2101 E NASA Pkwy, Houston, TX 77058-3607', '2021-01-30', '70059.66', '2.34', '2.34');
INSERT INTO group28.fuelQuote (username, gallonsRequested, address, deliveryDate, totalDue, adjUnitPrice, baseUnitPrice) VALUES ('wcoyote', '60000', '303 E 3rd St, Pecos, TX 79772', '2020-09-20', '153733.76', '2.56', '2.56');
INSERT INTO group28.fuelQuote (username, gallonsRequested, address, deliveryDate, totalDue, adjUnitPrice, baseUnitPrice) VALUES ('mspacely', '63000', '2101 E NASA Pkwy, Houston, TX 77058-3607', '2020-10-29', '182844.58', '2.9', '2.9');
INSERT INTO group28.fuelQuote (username, gallonsRequested, address, deliveryDate, totalDue, adjUnitPrice, baseUnitPrice) VALUES ('jconnor', '24000', '624 S Grand Ave, Ste. 902, Los Angeles, CA 90017-3335', '2020-11-23', '60330.27', '2.51', '2.19');
INSERT INTO group28.fuelQuote (username, gallonsRequested, address, deliveryDate, totalDue, adjUnitPrice, baseUnitPrice) VALUES ('jmcclane', '48000', '1810 Commerce St, Ste. A, Dallas, TX 75201-5346', '2021-01-09', '109808.46', '2.29', '2.29');
INSERT INTO group28.fuelQuote (username, gallonsRequested, address, deliveryDate, totalDue, adjUnitPrice, baseUnitPrice) VALUES ('jmcclane', '18000', '1810 Commerce St, Ste. A, Dallas, TX 75201-5346', '2020-10-26', '50504.06', '2.81', '2.81');
INSERT INTO group28.fuelQuote (username, gallonsRequested, address, deliveryDate, totalDue, adjUnitPrice, baseUnitPrice) VALUES ('mspacely', '3000', '2101 E NASA Pkwy, Houston, TX 77058-3607', '2020-10-22', '7832.06', '2.61', '2.61');
INSERT INTO group28.fuelQuote (username, gallonsRequested, address, deliveryDate, totalDue, adjUnitPrice, baseUnitPrice) VALUES ('jmcclane', '18000', '1810 Commerce St, Ste. A, Dallas, TX 75201-5346', '2021-01-17', '57978.13', '3.22', '3.22');
INSERT INTO group28.fuelQuote (username, gallonsRequested, address, deliveryDate, totalDue, adjUnitPrice, baseUnitPrice) VALUES ('jmcclane', '24000', '1810 Commerce St, Ste. A, Dallas, TX 75201-5346', '2020-09-13', '61273.54', '2.55', '2.55');
INSERT INTO group28.fuelQuote (username, gallonsRequested, address, deliveryDate, totalDue, adjUnitPrice, baseUnitPrice) VALUES ('mspacely', '84000', '2101 E NASA Pkwy, Houston, TX 77058-3607', '2020-12-01', '232715.95', '2.77', '2.77');
INSERT INTO group28.fuelQuote (username, gallonsRequested, address, deliveryDate, totalDue, adjUnitPrice, baseUnitPrice) VALUES ('jmcclane', '36000', '1810 Commerce St, Ste. A, Dallas, TX 75201-5346', '2020-12-14', '102915.69', '2.86', '2.86');
INSERT INTO group28.fuelQuote (username, gallonsRequested, address, deliveryDate, totalDue, adjUnitPrice, baseUnitPrice) VALUES ('tstark', '84000', '200 Park Ave, Ste. 7082, Manhattan, NY 10166-0005', '2020-10-17', '206305.38', '2.46', '2.14');
INSERT INTO group28.fuelQuote (username, gallonsRequested, address, deliveryDate, totalDue, adjUnitPrice, baseUnitPrice) VALUES ('wcoyote', '30000', '303 E 3rd St, Pecos, TX 79772', '2021-01-24', '72665.44', '2.42', '2.42');
INSERT INTO group28.fuelQuote (username, gallonsRequested, address, deliveryDate, totalDue, adjUnitPrice, baseUnitPrice) VALUES ('jmcclane', '36000', '1810 Commerce St, Ste. A, Dallas, TX 75201-5346', '2020-09-23', '85706.14', '2.38', '2.38');
INSERT INTO group28.fuelQuote (username, gallonsRequested, address, deliveryDate, totalDue, adjUnitPrice, baseUnitPrice) VALUES ('jmcclane', '42000', '1810 Commerce St, Ste. A, Dallas, TX 75201-5346', '2021-02-12', '116480.58', '2.77', '2.77');
INSERT INTO group28.fuelQuote (username, gallonsRequested, address, deliveryDate, totalDue, adjUnitPrice, baseUnitPrice) VALUES ('tstark', '18000', '200 Park Ave, Ste. 7082, Manhattan, NY 10166-0005', '2020-11-21', '43173.47', '2.4', '2.09');
INSERT INTO group28.fuelQuote (username, gallonsRequested, address, deliveryDate, totalDue, adjUnitPrice, baseUnitPrice) VALUES ('mspacely', '15000', '2101 E NASA Pkwy, Houston, TX 77058-3607', '2021-01-04', '38148.99', '2.54', '2.54');
INSERT INTO group28.fuelQuote (username, gallonsRequested, address, deliveryDate, totalDue, adjUnitPrice, baseUnitPrice) VALUES ('jconnor', '48000', '624 S Grand Ave, Ste. 902, Los Angeles, CA 90017-3335', '2020-12-22', '118279.79', '2.46', '2.14');
INSERT INTO group28.fuelQuote (username, gallonsRequested, address, deliveryDate, totalDue, adjUnitPrice, baseUnitPrice) VALUES ('tstark', '84000', '200 Park Ave, Ste. 7082, Manhattan, NY 10166-0005', '2021-02-05', '271162.7', '3.23', '2.81');
INSERT INTO group28.fuelQuote (username, gallonsRequested, address, deliveryDate, totalDue, adjUnitPrice, baseUnitPrice) VALUES ('jconnor', '120000', '624 S Grand Ave, Ste. 902, Los Angeles, CA 90017-3335', '2020-11-15', '288916.88', '2.41', '2.09');
INSERT INTO group28.fuelQuote (username, gallonsRequested, address, deliveryDate, totalDue, adjUnitPrice, baseUnitPrice) VALUES ('tstark', '54000', '200 Park Ave, Ste. 7082, Manhattan, NY 10166-0005', '2020-09-12', '156135.11', '2.89', '2.51');
INSERT INTO group28.fuelQuote (username, gallonsRequested, address, deliveryDate, totalDue, adjUnitPrice, baseUnitPrice) VALUES ('jconnor', '15000', '624 S Grand Ave, Ste. 902, Los Angeles, CA 90017-3335', '2020-12-14', '46879.4', '3.13', '2.72');
INSERT INTO group28.fuelQuote (username, gallonsRequested, address, deliveryDate, totalDue, adjUnitPrice, baseUnitPrice) VALUES ('jconnor', '24000', '624 S Grand Ave, Ste. 902, Los Angeles, CA 90017-3335', '2021-01-29', '68161.35', '2.84', '2.47');
INSERT INTO group28.fuelQuote (username, gallonsRequested, address, deliveryDate, totalDue, adjUnitPrice, baseUnitPrice) VALUES ('jconnor', '54000', '624 S Grand Ave, Ste. 902, Los Angeles, CA 90017-3335', '2020-11-24', '174117.83', '3.22', '2.8');
INSERT INTO group28.fuelQuote (username, gallonsRequested, address, deliveryDate, totalDue, adjUnitPrice, baseUnitPrice) VALUES ('mspacely', '60000', '2101 E NASA Pkwy, Houston, TX 77058-3607', '2021-01-12', '157534.25', '2.63', '2.63');
INSERT INTO group28.fuelQuote (username, gallonsRequested, address, deliveryDate, totalDue, adjUnitPrice, baseUnitPrice) VALUES ('jmcclane', '60000', '1810 Commerce St, Ste. A, Dallas, TX 75201-5346', '2021-01-02', '173085.91', '2.88', '2.88');
INSERT INTO group28.fuelQuote (username, gallonsRequested, address, deliveryDate, totalDue, adjUnitPrice, baseUnitPrice) VALUES ('jconnor', '18000', '624 S Grand Ave, Ste. 902, Los Angeles, CA 90017-3335', '2021-02-09', '46856.56', '2.6', '2.26');
INSERT INTO group28.fuelQuote (username, gallonsRequested, address, deliveryDate, totalDue, adjUnitPrice, baseUnitPrice) VALUES ('tstark', '36000', '200 Park Ave, Ste. 7082, Manhattan, NY 10166-0005', '2021-01-08', '104817.25', '2.91', '2.53');
INSERT INTO group28.fuelQuote (username, gallonsRequested, address, deliveryDate, totalDue, adjUnitPrice, baseUnitPrice) VALUES ('mspacely', '72000', '2101 E NASA Pkwy, Houston, TX 77058-3607', '2020-10-25', '194782.88', '2.71', '2.71');
INSERT INTO group28.fuelQuote (username, gallonsRequested, address, deliveryDate, totalDue, adjUnitPrice, baseUnitPrice) VALUES ('mspacely', '15000', '2101 E NASA Pkwy, Houston, TX 77058-3607', '2020-10-03', '45491.06', '3.03', '3.03');
INSERT INTO group28.fuelQuote (username, gallonsRequested, address, deliveryDate, totalDue, adjUnitPrice, baseUnitPrice) VALUES ('wcoyote', '36000', '303 E 3rd St, Pecos, TX 79772', '2021-02-13', '93739.81', '2.6', '2.6');
INSERT INTO group28.fuelQuote (username, gallonsRequested, address, deliveryDate, totalDue, adjUnitPrice, baseUnitPrice) VALUES ('jconnor', '108000', '624 S Grand Ave, Ste. 902, Los Angeles, CA 90017-3335', '2020-12-10', '294236.3', '2.72', '2.37');
INSERT INTO group28.fuelQuote (username, gallonsRequested, address, deliveryDate, totalDue, adjUnitPrice, baseUnitPrice) VALUES ('wcoyote', '36000', '303 E 3rd St, Pecos, TX 79772', '2020-10-23', '102248.07', '2.84', '2.84');
INSERT INTO group28.fuelQuote (username, gallonsRequested, address, deliveryDate, totalDue, adjUnitPrice, baseUnitPrice) VALUES ('jconnor', '27000', '624 S Grand Ave, Ste. 902, Los Angeles, CA 90017-3335', '2020-10-08', '85509.33', '3.17', '2.75');
INSERT INTO group28.fuelQuote (username, gallonsRequested, address, deliveryDate, totalDue, adjUnitPrice, baseUnitPrice) VALUES ('jconnor', '84000', '624 S Grand Ave, Ste. 902, Los Angeles, CA 90017-3335', '2020-11-18', '263235.33', '3.13', '2.73');
INSERT INTO group28.fuelQuote (username, gallonsRequested, address, deliveryDate, totalDue, adjUnitPrice, baseUnitPrice) VALUES ('wcoyote', '30000', '303 E 3rd St, Pecos, TX 79772', '2020-10-25', '76776.95', '2.56', '2.56');
INSERT INTO group28.fuelQuote (username, gallonsRequested, address, deliveryDate, totalDue, adjUnitPrice, baseUnitPrice) VALUES ('jmcclane', '48000', '1810 Commerce St, Ste. A, Dallas, TX 75201-5346', '2020-09-25', '139671.65', '2.91', '2.91');
INSERT INTO group28.fuelQuote (username, gallonsRequested, address, deliveryDate, totalDue, adjUnitPrice, baseUnitPrice) VALUES ('jmcclane', '42000', '1810 Commerce St, Ste. A, Dallas, TX 75201-5346', '2020-10-01', '130775.24', '3.11', '3.11');
INSERT INTO group28.fuelQuote (username, gallonsRequested, address, deliveryDate, totalDue, adjUnitPrice, baseUnitPrice) VALUES ('mspacely', '90000', '2101 E NASA Pkwy, Houston, TX 77058-3607', '2020-11-03', '244568', '2.72', '2.72');
INSERT INTO group28.fuelQuote (username, gallonsRequested, address, deliveryDate, totalDue, adjUnitPrice, baseUnitPrice) VALUES ('jmcclane', '48000', '1810 Commerce St, Ste. A, Dallas, TX 75201-5346', '2020-12-03', '113596.11', '2.37', '2.37');
INSERT INTO group28.fuelQuote (username, gallonsRequested, address, deliveryDate, totalDue, adjUnitPrice, baseUnitPrice) VALUES ('jmcclane', '36000', '1810 Commerce St, Ste. A, Dallas, TX 75201-5346', '2020-10-04', '101053.23', '2.81', '2.81');
INSERT INTO group28.fuelQuote (username, gallonsRequested, address, deliveryDate, totalDue, adjUnitPrice, baseUnitPrice) VALUES ('jmcclane', '30000', '1810 Commerce St, Ste. A, Dallas, TX 75201-5346', '2021-02-11', '79620.26', '2.65', '2.65');
INSERT INTO group28.fuelQuote (username, gallonsRequested, address, deliveryDate, totalDue, adjUnitPrice, baseUnitPrice) VALUES ('jconnor', '63000', '624 S Grand Ave, Ste. 902, Los Angeles, CA 90017-3335', '2021-01-11', '159931.18', '2.54', '2.21');
INSERT INTO group28.fuelQuote (username, gallonsRequested, address, deliveryDate, totalDue, adjUnitPrice, baseUnitPrice) VALUES ('mspacely', '42000', '2101 E NASA Pkwy, Houston, TX 77058-3607', '2021-02-14', '124252.86', '2.96', '2.96');
INSERT INTO group28.fuelQuote (username, gallonsRequested, address, deliveryDate, totalDue, adjUnitPrice, baseUnitPrice) VALUES ('tstark', '15000', '200 Park Ave, Ste. 7082, Manhattan, NY 10166-0005', '2020-11-06', '42692.76', '2.85', '2.47');
INSERT INTO group28.fuelQuote (username, gallonsRequested, address, deliveryDate, totalDue, adjUnitPrice, baseUnitPrice) VALUES ('wcoyote', '36000', '303 E 3rd St, Pecos, TX 79772', '2021-01-10', '99542.32', '2.77', '2.77');
INSERT INTO group28.fuelQuote (username, gallonsRequested, address, deliveryDate, totalDue, adjUnitPrice, baseUnitPrice) VALUES ('jmcclane', '42000', '1810 Commerce St, Ste. A, Dallas, TX 75201-5346', '2020-12-31', '107313.15', '2.56', '2.56');
INSERT INTO group28.fuelQuote (username, gallonsRequested, address, deliveryDate, totalDue, adjUnitPrice, baseUnitPrice) VALUES ('wcoyote', '24000', '303 E 3rd St, Pecos, TX 79772', '2020-12-29', '62257.65', '2.59', '2.59');
INSERT INTO group28.fuelQuote (username, gallonsRequested, address, deliveryDate, totalDue, adjUnitPrice, baseUnitPrice) VALUES ('jconnor', '36000', '624 S Grand Ave, Ste. 902, Los Angeles, CA 90017-3335', '2020-11-07', '107952.99', '3', '2.61');
INSERT INTO group28.fuelQuote (username, gallonsRequested, address, deliveryDate, totalDue, adjUnitPrice, baseUnitPrice) VALUES ('mspacely', '48000', '2101 E NASA Pkwy, Houston, TX 77058-3607', '2021-01-10', '129536.36', '2.7', '2.7');
INSERT INTO group28.fuelQuote (username, gallonsRequested, address, deliveryDate, totalDue, adjUnitPrice, baseUnitPrice) VALUES ('tstark', '6000', '200 Park Ave, Ste. 7082, Manhattan, NY 10166-0005', '2020-10-30', '16495.39', '2.75', '2.39');
INSERT INTO group28.fuelQuote (username, gallonsRequested, address, deliveryDate, totalDue, adjUnitPrice, baseUnitPrice) VALUES ('jconnor', '30000', '624 S Grand Ave, Ste. 902, Los Angeles, CA 90017-3335', '2020-12-19', '81621.21', '2.72', '2.37');
INSERT INTO group28.fuelQuote (username, gallonsRequested, address, deliveryDate, totalDue, adjUnitPrice, baseUnitPrice) VALUES ('jmcclane', '24000', '1810 Commerce St, Ste. A, Dallas, TX 75201-5346', '2021-02-02', '66892.7', '2.79', '2.79');
INSERT INTO group28.fuelQuote (username, gallonsRequested, address, deliveryDate, totalDue, adjUnitPrice, baseUnitPrice) VALUES ('jmcclane', '60000', '1810 Commerce St, Ste. A, Dallas, TX 75201-5346', '2020-09-14', '179079.6', '2.98', '2.98');
INSERT INTO group28.fuelQuote (username, gallonsRequested, address, deliveryDate, totalDue, adjUnitPrice, baseUnitPrice) VALUES ('jmcclane', '54000', '1810 Commerce St, Ste. A, Dallas, TX 75201-5346', '2020-09-30', '133715.62', '2.48', '2.48');
INSERT INTO group28.fuelQuote (username, gallonsRequested, address, deliveryDate, totalDue, adjUnitPrice, baseUnitPrice) VALUES ('mspacely', '24000', '2101 E NASA Pkwy, Houston, TX 77058-3607', '2020-10-20', '71383.1', '2.97', '2.97');
INSERT INTO group28.fuelQuote (username, gallonsRequested, address, deliveryDate, totalDue, adjUnitPrice, baseUnitPrice) VALUES ('jconnor', '12000', '624 S Grand Ave, Ste. 902, Los Angeles, CA 90017-3335', '2020-11-25', '33940.63', '2.83', '2.46');
INSERT INTO group28.fuelQuote (username, gallonsRequested, address, deliveryDate, totalDue, adjUnitPrice, baseUnitPrice) VALUES ('mspacely', '15000', '2101 E NASA Pkwy, Houston, TX 77058-3607', '2020-11-25', '34153.91', '2.28', '2.28');
INSERT INTO group28.fuelQuote (username, gallonsRequested, address, deliveryDate, totalDue, adjUnitPrice, baseUnitPrice) VALUES ('jmcclane', '12000', '1810 Commerce St, Ste. A, Dallas, TX 75201-5346', '2020-10-19', '33841.06', '2.82', '2.82');
INSERT INTO group28.fuelQuote (username, gallonsRequested, address, deliveryDate, totalDue, adjUnitPrice, baseUnitPrice) VALUES ('jconnor', '54000', '624 S Grand Ave, Ste. 902, Los Angeles, CA 90017-3335', '2021-02-07', '142602.08', '2.64', '2.3');
INSERT INTO group28.fuelQuote (username, gallonsRequested, address, deliveryDate, totalDue, adjUnitPrice, baseUnitPrice) VALUES ('jmcclane', '6000', '1810 Commerce St, Ste. A, Dallas, TX 75201-5346', '2021-01-04', '14986.14', '2.5', '2.5');
INSERT INTO group28.fuelQuote (username, gallonsRequested, address, deliveryDate, totalDue, adjUnitPrice, baseUnitPrice) VALUES ('tstark', '60000', '200 Park Ave, Ste. 7082, Manhattan, NY 10166-0005', '2021-03-04', '176131.61', '2.94', '2.55');
INSERT INTO group28.fuelQuote (username, gallonsRequested, address, deliveryDate, totalDue, adjUnitPrice, baseUnitPrice) VALUES ('jconnor', '72000', '624 S Grand Ave, Ste. 902, Los Angeles, CA 90017-3335', '2020-11-27', '179186.76', '2.49', '2.16');
INSERT INTO group28.fuelQuote (username, gallonsRequested, address, deliveryDate, totalDue, adjUnitPrice, baseUnitPrice) VALUES ('jmcclane', '48000', '1810 Commerce St, Ste. A, Dallas, TX 75201-5346', '2020-12-11', '145890.54', '3.04', '3.04');
INSERT INTO group28.fuelQuote (username, gallonsRequested, address, deliveryDate, totalDue, adjUnitPrice, baseUnitPrice) VALUES ('wcoyote', '48000', '303 E 3rd St, Pecos, TX 79772', '2021-02-12', '118392.81', '2.47', '2.47');
INSERT INTO group28.fuelQuote (username, gallonsRequested, address, deliveryDate, totalDue, adjUnitPrice, baseUnitPrice) VALUES ('jconnor', '18000', '624 S Grand Ave, Ste. 902, Los Angeles, CA 90017-3335', '2020-12-03', '43028.28', '2.39', '2.08');
INSERT INTO group28.fuelQuote (username, gallonsRequested, address, deliveryDate, totalDue, adjUnitPrice, baseUnitPrice) VALUES ('jmcclane', '96000', '1810 Commerce St, Ste. A, Dallas, TX 75201-5346', '2020-10-14', '259443.49', '2.7', '2.7');
INSERT INTO group28.fuelQuote (username, gallonsRequested, address, deliveryDate, totalDue, adjUnitPrice, baseUnitPrice) VALUES ('wcoyote', '60000', '303 E 3rd St, Pecos, TX 79772', '2020-09-23', '167063.99', '2.78', '2.78');
INSERT INTO group28.fuelQuote (username, gallonsRequested, address, deliveryDate, totalDue, adjUnitPrice, baseUnitPrice) VALUES ('tstark', '24000', '200 Park Ave, Ste. 7082, Manhattan, NY 10166-0005', '2020-12-13', '63875.58', '2.66', '2.31');
INSERT INTO group28.fuelQuote (username, gallonsRequested, address, deliveryDate, totalDue, adjUnitPrice, baseUnitPrice) VALUES ('wcoyote', '63000', '303 E 3rd St, Pecos, TX 79772', '2020-12-28', '186113.63', '2.95', '2.95');
INSERT INTO group28.fuelQuote (username, gallonsRequested, address, deliveryDate, totalDue, adjUnitPrice, baseUnitPrice) VALUES ('jconnor', '6000', '624 S Grand Ave, Ste. 902, Los Angeles, CA 90017-3335', '2021-01-08', '16084.49', '2.68', '2.33');
INSERT INTO group28.fuelQuote (username, gallonsRequested, address, deliveryDate, totalDue, adjUnitPrice, baseUnitPrice) VALUES ('jconnor', '12000', '624 S Grand Ave, Ste. 902, Los Angeles, CA 90017-3335', '2021-01-06', '38362.32', '3.2', '2.78');
INSERT INTO group28.fuelQuote (username, gallonsRequested, address, deliveryDate, totalDue, adjUnitPrice, baseUnitPrice) VALUES ('wcoyote', '30000', '303 E 3rd St, Pecos, TX 79772', '2020-11-17', '94121.74', '3.14', '3.14');
INSERT INTO group28.fuelQuote (username, gallonsRequested, address, deliveryDate, totalDue, adjUnitPrice, baseUnitPrice) VALUES ('mspacely', '24000', '2101 E NASA Pkwy, Houston, TX 77058-3607', '2020-11-19', '57265.33', '2.39', '2.39');
INSERT INTO group28.fuelQuote (username, gallonsRequested, address, deliveryDate, totalDue, adjUnitPrice, baseUnitPrice) VALUES ('wcoyote', '72000', '303 E 3rd St, Pecos, TX 79772', '2021-01-21', '192958.9', '2.68', '2.68');
INSERT INTO group28.fuelQuote (username, gallonsRequested, address, deliveryDate, totalDue, adjUnitPrice, baseUnitPrice) VALUES ('jconnor', '21000', '624 S Grand Ave, Ste. 902, Los Angeles, CA 90017-3335', '2021-02-02', '57362.19', '2.73', '2.38');
INSERT INTO group28.fuelQuote (username, gallonsRequested, address, deliveryDate, totalDue, adjUnitPrice, baseUnitPrice) VALUES ('mspacely', '120000', '2101 E NASA Pkwy, Houston, TX 77058-3607', '2021-01-11', '353552.84', '2.95', '2.95');
INSERT INTO group28.userCredentials (username, password) VALUE ('jconnor', 'MRkZpiSRE8G5cT0r9oO0iZ+8NnnQ8bbslcFYY4ppamI=');
INSERT INTO group28.userCredentials (username, password) VALUE ('mspacely', 'QrScF2o1j1HA3qWB77gl7yUamOVRQlYctewrjPl3jR0=');
INSERT INTO group28.userCredentials (username, password) VALUE ('wcoyote', 'qr7lA/Ti6VPYBI5tSechywmfwGRzoV6Gof8fNxGf+fc=');
INSERT INTO group28.userCredentials (username, password) VALUE ('tstark', 'xd1EtSFWMjfvcf8Eplmg1YojAtV+nFvJ4a7BUPIM3Qw=');
INSERT INTO group28.userCredentials (username, password) VALUE ('jmcclane', 'Pai6f8zOE997vToYIclUqRCle1NznY8zdQiNwY19WjU=');
INSERT INTO group28.clientInformation (username, addressLine1, addressLine2, city, state, zipMain, zipPlus4) VALUES ('jconnor', '624 S Grand Ave', 'Ste. 902', 'Los Angeles', 'CA', '90017', '3335');
INSERT INTO group28.clientInformation (username, addressLine1, addressLine2, city, state, zipMain, zipPlus4) VALUES ('mspacely', '2101 E NASA Pkwy', NULL, 'Houston', 'TX', '77058', '3607');
INSERT INTO group28.clientInformation (username, addressLine1, addressLine2, city, state, zipMain, zipPlus4) VALUES ('wcoyote', '303 E 3rd St', NULL, 'Pecos', 'TX', '79772', NULL);
INSERT INTO group28.clientInformation (username, addressLine1, addressLine2, city, state, zipMain, zipPlus4) VALUES ('tstark', '200 Park Ave', 'Ste. 7082', 'Manhattan', 'NY', '10166', '0005');
INSERT INTO group28.clientInformation (username, addressLine1, addressLine2, city, state, zipMain, zipPlus4) VALUES ('jmcclane', '1810 Commerce St', 'Ste. A', 'Dallas', 'TX', '75201', '5346');